champion,skinName,releaseDate,price
Aatrox,Blood Moon,2019-01-10,1350
Aatrox,DRX,2023-06-01,1350
Aatrox,Justicar,2013-06-12,975
Aatrox,Lunar Eclipse,2022-04-28,1350
Aatrox,Mecha,2014-07-23,1350
Aatrox,Odyssey,2020-10-15,1350
Aatrox,Original,2013-06-12,880
Aatrox,Sea Hunter,2015-07-22,750
Ahri,Academy,2015-08-26,750
Ahri,Arcade,2016-08-24,1350
Ahri,Arcana,2022-04-14,1350
Ahri,Challenger,2015-01-15,975
Ahri,Coven,2021-08-12,1350
Ahri,Dynasty,2011-12-14,975
Ahri,Elderwood,2019-08-29,1350
Ahri,Foxfire,2012-07-11,975
Ahri,KDA,2018-11-03,1350
Ahri,KDA ALL OUT,2020-10-29,1350
Ahri,Midnight,2011-12-14,750
Ahri,Original,2011-12-14,880
Ahri,Popstar,2013-11-25,975
Ahri,Snow Moon,2023-05-18,1350
Ahri,Spirit Blossom,2020-08-06,1820
Ahri,Star Guardian,2017-09-06,1820
Akali,All-star,2010-06-24,975
Akali,Blood Moon,2011-06-07,975
Akali,Crime City Nightmare,2021-08-26,1350
Akali,DRX,2023-06-01,1350
Akali,Headhunter,2015-03-23,1350
Akali,Infernal,2010-05-11,520
Akali,KDA,2018-11-03,1350
Akali,KDA ALL OUT,2020-10-29,1350
Akali,Nurse,2011-01-04,975
Akali,Original,2010-05-11,790
Akali,PROJECT,2019-08-01,1350
Akali,Sashimi,2016-09-07,750
Akali,Silverfang,2011-11-29,975
Akali,Star Guardian,2022-07-28,1820
Akali,Stinger,2010-05-11,520
Akali,True Damage,2019-11-10,1350
Akshan,Crystal Rose,2022-02-10,1350
Akshan,Cyber Pop,2021-07-22,1350
Akshan,Original,2021-07-22,975
Alistar,Blackfrost,2020-03-05,1350
Alistar,Conqueror,2019-04-30,975
Alistar,Golden,2010-01-13,390
Alistar,Infernal,2012-07-13,975
Alistar,Longhorn,2011-02-16,520
Alistar,Lunar Beast,2021-02-04,1350
Alistar,Marauder,2015-09-30,750
Alistar,Matador,2010-05-11,975
Alistar,Moo Cow,2017-03-29,975
Alistar,Original,2009-02-21,585
Alistar,SKT T1,2016-08-17,975
Alistar,Sweeper,2014-06-18,750
Amumu,Almost-Prom King,2011-02-07,520
Amumu,Emumu,2010-08-01,520
Amumu,Heartache,2023-02-10,1350
Amumu,Infernal,2018-10-16,1350
Amumu,Little Knight,2011-07-18,750
Amumu,Original,2009-06-25,260
Amumu,Pharaoh,2010-02-02,520
Amumu,Porcelain,2022-01-26,1350
Amumu,Pumpkin Prince,2020-10-22,1350
Amumu,Re-Gifted,2010-12-14,520
Amumu,Sad Robot,2012-05-28,1350
Amumu,Surprise Party,2015-03-31,1350
Amumu,Vancouver,2010-02-12,520
Anivia,Bewitching Batnivia,2022-10-20,1350
Anivia,Bird of Prey,2010-05-02,520
Anivia,Blackfrost,2013-04-29,1820
Anivia,Cosmic Flight,2020-11-24,1350
Anivia,Divine Phoenix,2021-09-02,1350
Anivia,Festival Queen,2017-02-23,975
Anivia,Hextech,2011-03-01,750
Anivia,Noxus Hunter,2010-08-24,520
Anivia,Original,2009-07-09,790
Anivia,Papercraft,2019-02-21,1350
Anivia,Prehistoric,2015-06-14,750
Anivia,Team Spirit,2010-02-12,520
Annie,Annie in Wonderland,2010-08-16,1820
Annie,Cafe Cuties,2021-12-02,1350
Annie,FrankenTibbers,2011-10-19,975
Annie,Fright Night,2022-09-22,1350
Annie,Frostfire,2011-05-24,975
Annie,Lunar Beast,2021-02-04,1350
Annie,Original,2009-02-21,260
Annie,Panda,2013-02-08,975
Annie,Prom Queen,2011-02-07,520
Annie,Red Riding,2010-04-27,520
Annie,Reverse,2011-09-06,975
Annie,Super Galaxy,2017-10-16,1350
Annie,Sweetheart,2015-02-13,750
Aphelios,EDG,2022-05-12,1350
Aphelios,Lunar Beast,2021-02-04,1350
Aphelios,Nightbringer,2019-12-11,1350
Aphelios,Original,2019-12-11,975
Aphelios,Spirit Blossom,2022-10-06,1350
Ashe,Amethyst,2011-11-15,975
Ashe,Championship,2017-09-12,1350
Ashe,Cosmic Queen,2018-08-21,1350
Ashe,Coven,2021-08-12,1350
Ashe,DRX,2023-06-01,1350
Ashe,Fae Dragon,2020-10-01,1350
Ashe,Freljord,2009-11-20,520
Ashe,Heartseeker,2014-02-14,975
Ashe,High Noon,2019-10-10,1820
Ashe,Lunar Empress,2023-01-26,1350
Ashe,Marauder,2015-02-17,750
Ashe,Ocean Song,2022-06-09,1350
Ashe,Original,2009-02-21,260
Ashe,PROJECT,2016-08-01,1820
Ashe,Queen,2010-09-21,975
Ashe,Sherwood Forest,2010-04-08,520
Ashe,Woad,2010-07-18,520
Aurelion Sol,Ashen Lord,2016-03-24,1350
Aurelion Sol,Inkshadow,2023-05-03,1350
Aurelion Sol,Mecha,2018-08-16,1350
Aurelion Sol,Original,2016-03-24,880
Aurelion Sol,Storm Dragon,2020-10-01,1350
Azir,Elderwood,2020-12-10,1350
Azir,Galactic,2014-09-15,975
Azir,Gravelord,2015-12-01,1350
Azir,Original,2014-09-15,880
Azir,SKT T1,2016-08-17,975
Azir,Warring Kingdoms,2017-01-19,1350
Azir,Worlds 2022,2022-09-22,1350
Bard,Astronaut,2020-05-28,1350
Bard,Bard Bard,2016-11-17,750
Bard,Cafe Cuties,2021-12-02,1350
Bard,Elderwood,2015-03-12,975
Bard,Original,2015-03-12,880
Bard,Shan Hai Scrolls,2023-06-14,1350
Bard,Snow Day,2015-12-10,1350
Bel'Veth,Battle Boss,2022-06-09,1350
Bel'Veth,Original,2022-06-09,975
Blitzcrank,Battle Boss,2015-08-19,1350
Blitzcrank,Boom Boom,2010-08-29,520
Blitzcrank,Definitely Not,2011-10-19,975
Blitzcrank,Goalkeeper,2010-06-24,520
Blitzcrank,Lancer Paragon,2017-11-16,1350
Blitzcrank,Lancer Rogue,2017-11-16,1350
Blitzcrank,Original,2009-09-01,790
Blitzcrank,Piltover Customs,2011-03-07,1350
Blitzcrank,Riot,2013-10-21,975
Blitzcrank,Rusty,2009-11-20,520
Blitzcrank,Space Groove,2021-04-01,1820
Blitzcrank,Witch's Brew,2019-10-24,1350
Blitzcrank,Zenith Games,2022-09-09,1350
Blitzcrank,iBlitzcrank,2013-03-01,1350
Brand,Apocalyptic,2011-04-12,750
Brand,Arclight,2019-03-07,1350
Brand,Battle Boss,2017-08-08,1350
Brand,Cryocore,2011-10-05,975
Brand,Debonair,2021-12-09,1350
Brand,Eternal Dragon,2020-10-01,1350
Brand,Original,2011-04-12,880
Brand,Spirit Fire,2015-10-21,1350
Brand,Vandal,2011-04-12,520
Brand,Zombie,2012-10-26,1820
Braum,Braum Lionheart,2015-12-07,750
Braum,Crime City,2018-08-23,1350
Braum,Dragonslayer,2014-05-11,975
Braum,El Tigre,2015-01-21,1350
Braum,Original,2014-05-11,880
Braum,Pool Party,2021-06-09,1350
Braum,Santa,2016-12-14,1350
Braum,Sugar Rush,2019-12-17,1350
Caitlyn,Arcade,2019-06-28,1350
Caitlyn,Arcane,2021-11-22,975
Caitlyn,Arctic Warfare,2011-12-29,750
Caitlyn,Battle Academia,2021-03-18,1820
Caitlyn,DRX,2023-06-01,1350
Caitlyn,Headhunter,2014-09-03,975
Caitlyn,Heartthrob,2023-02-10,1350
Caitlyn,Lunar Wraith,2016-01-27,1350
Caitlyn,Officer,2011-10-05,975
Caitlyn,Original,2011-01-04,880
Caitlyn,Pool Party,2018-08-02,1350
Caitlyn,Pulsefire,2017-05-24,1820
Caitlyn,Resistance,2011-01-04,520
Caitlyn,Safari,2011-05-10,975
Caitlyn,Sheriff,2011-01-04,520
Caitlyn,Snow Moon,2022-06-23,1350
Camille,Arcana,2021-05-13,1350
Camille,Coven,2018-11-27,1350
Camille,Original,2016-12-07,975
Camille,Program,2016-12-12,1350
Camille,Strike Commander,2022-08-25,1350
Camille,iG,2019-04-23,1350
Cassiopeia,Bewitching,2022-10-20,1350
Cassiopeia,Coven,2021-08-12,1350
Cassiopeia,Desperada,2010-12-14,520
Cassiopeia,Eternum,2017-09-20,1350
Cassiopeia,Jade Fang,2013-02-08,975
Cassiopeia,Mythic,2012-07-18,975
Cassiopeia,Original,2010-12-14,880
Cassiopeia,Siren,2010-12-14,520
Cassiopeia,Spirit Blossom,2020-08-06,1350
Cho'Gath,Battlecast Prime,2012-08-03,1820
Cho'Gath,Broken Covenant,2023-03-09,1350
Cho'Gath,Gentleman,2010-05-11,1820
Cho'Gath,Jurassic,2011-11-01,975
Cho'Gath,Loch Ness,2011-03-01,520
Cho'Gath,Nightmare,2009-11-20,520
Cho'Gath,Original,2009-06-25,585
Cho'Gath,Prehistoric,2015-06-14,750
Cho'Gath,Shan Hai Scrolls,2021-01-28,1350
Corki,Arcade,2016-08-24,1350
Corki,Astronaut,2021-07-01,1350
Corki,Corgi,2019-03-27,1350
Corki,Dragonwing,2013-02-08,975
Corki,Fnatic,2014-09-24,750
Corki,Hot Rod,2010-07-27,520
Corki,Ice Toboggan,2010-02-12,1820
Corki,Original,2009-09-18,790
Corki,Red Baron,2010-03-24,1820
Corki,Urfrider,2011-04-04,975
Darius,Academy,2015-08-26,750
Darius,Bioforge,2012-11-13,975
Darius,Crime City Nightmare,2021-08-26,1350
Darius,Dunkmaster,2014-10-12,1820
Darius,God-King,2018-06-27,1820
Darius,High Noon,2019-10-10,1350
Darius,Lord,2012-05-22,975
Darius,Lunar Beast,2021-02-04,1350
Darius,Original,2012-05-22,880
Darius,Spirit Blossom,2022-10-06,1350
Darius,Woad King,2013-06-16,975
Diana,Battle Queen,2020-12-10,1350
Diana,Blood Moon,2017-02-09,1350
Diana,Dark Valkyrie,2012-08-07,975
Diana,Dark Waters,2018-05-31,1350
Diana,Dragonslayer,2020-01-30,1350
Diana,Firecracker,2022-01-26,1350
Diana,Infernal,2016-04-20,1350
Diana,Lunar Goddess,2014-01-28,975
Diana,Original,2012-08-07,880
Diana,Sentinel,2021-07-08,1350
Diana,Winterblessed,2022-12-08,1820
Dr. Mundo,Corporate Mundo,2010-09-12,1820
Dr. Mundo,El Macho Mundo,2016-06-01,1350
Dr. Mundo,Executioner Mundo,2011-06-17,520
Dr. Mundo,Frozen Prince Mundo,2018-12-06,1350
Dr. Mundo,Mr. Mundoverse,2010-03-24,520
Dr. Mundo,Mundo Mundo,2010-10-19,975
Dr. Mundo,Original,2009-09-01,260
Dr. Mundo,Pool Party Mundo,2015-06-25,975
Dr. Mundo,Rageborn Mundo,2012-07-27,975
Dr. Mundo,TPA Mundo,2013-05-23,750
Dr. Mundo,Toxic,2009-12-17,520
Draven,Beast Hunter,2016-02-04,750
Draven,Debonair,2021-12-09,1350
Draven,Draven Draven,2016-03-31,500
Draven,Fright Night,2022-09-22,1350
Draven,Gladiator,2013-03-25,975
Draven,Mecha Kingdoms,2020-01-15,1350
Draven,Original,2012-06-05,880
Draven,Pool Party,2015-06-25,975
Draven,Primetime,2014-06-20,975
Draven,Ruined,2021-01-21,1350
Draven,Santa,2017-12-12,1350
Draven,Soul Reaver,2012-06-05,1350
Ekko,Academy,2015-08-26,750
Ekko,Firelight,2022-02-17,1350
Ekko,Original,2015-05-27,880
Ekko,PROJECT,2016-08-01,1350
Ekko,Pulsefire,2020-05-14,1350
Ekko,SKT T1,2017-06-27,1350
Ekko,Sandstorm,2015-05-27,975
Ekko,Star Guardian,2022-07-14,1350
Ekko,Trick or Treat,2018-10-24,1350
Ekko,True Damage,2019-11-10,1820
Elise,Bewitching,2020-10-22,1350
Elise,Blood Moon,2015-01-08,975
Elise,Death Blossom,2012-10-26,975
Elise,Original,2012-10-26,880
Elise,SKT T1,2016-08-17,975
Elise,Super Galaxy,2017-10-16,1350
Elise,Withered Rose,2022-02-10,1350
Evelynn,Blood Moon,2018-05-08,975
Evelynn,Coven,2021-08-12,1820
Evelynn,KDA,2018-11-03,1350
Evelynn,KDA ALL OUT,2020-10-29,1350
Evelynn,Masquerade,2010-05-17,520
Evelynn,Original,2009-04-30,585
Evelynn,Safecracker,2014-11-28,750
Evelynn,Shadow,2009-11-20,520
Evelynn,Spirit Blossom,2022-10-06,1350
Evelynn,Sugar Rush,2019-12-17,1350
Evelynn,Tango,2010-10-05,520
Ezreal,Ace of Spades,2015-05-20,750
Ezreal,Arcade,2016-08-24,1350
Ezreal,Battle Academia,2019-05-15,1820
Ezreal,Debonair,2014-08-05,750
Ezreal,Explorer,2010-10-13,750
Ezreal,Faerie Court,2023-03-23,1350
Ezreal,Frosted,2010-07-18,520
Ezreal,Nottingham,2010-03-16,520
Ezreal,Original,2010-03-16,880
Ezreal,Pajama Guardian,2018-11-21,1350
Ezreal,Porcelain Protector,2022-01-26,1820
Ezreal,PsyOps,2020-09-03,1350
Ezreal,Pulsefire,2012-06-29,3250
Ezreal,SSG,2018-07-20,1350
Ezreal,Star Guardian,2017-09-06,1350
Ezreal,Striker,2010-06-24,520
Ezreal,TPA,2013-05-23,750
Fiddlesticks,Bandito,2010-08-10,520
Fiddlesticks,Dark Candy,2012-12-14,975
Fiddlesticks,Fiddle Me Timbers,2010-04-26,750
Fiddlesticks,Original,2009-02-21,585
Fiddlesticks,Praetorian,2018-11-08,1350
Fiddlesticks,Pumpkinhead,2010-10-19,520
Fiddlesticks,Risen,2015-04-29,1350
Fiddlesticks,Spectral,2010-03-16,520
Fiddlesticks,Star Nemesis,2022-07-14,1350
Fiddlesticks,Surprise Party,2011-10-27,975
Fiddlesticks,Union Jack,2010-02-12,520
Fiora,Bewitching,2021-10-07,1350
Fiora,Faerie Court,2023-03-23,1350
Fiora,Headmistress,2012-10-26,975
Fiora,Heartpiercer,2019-02-11,1350
Fiora,Lunar Beast,2021-02-04,1350
Fiora,Nightraven,2012-02-29,750
Fiora,Original,2012-02-29,880
Fiora,PROJECT,2015-09-07,1350
Fiora,Pool Party,2016-07-13,1350
Fiora,Pulsefire,2020-05-14,1350
Fiora,Royal Guard,2012-02-29,520
Fiora,Soaring Sword,2017-09-27,1350
Fiora,iG,2019-04-23,1350
Fizz,Astronaut,2023-02-24,1350
Fizz,Atlantean,2011-11-15,520
Fizz,Cottontail,2015-08-09,975
Fizz,Fisherman,2012-04-01,975
Fizz,Fuzz,2019-03-27,1350
Fizz,Little Devil,2020-10-22,1350
Fizz,Omega Squad,2017-07-26,1350
Fizz,Original,2011-11-15,880
Fizz,Super Galaxy,2016-05-25,1350
Fizz,Tundra,2011-11-15,750
Fizz,Void,2014-04-06,1350
Galio,Birdio,2018-03-29,975
Galio,Commando,2011-01-18,520
Galio,Debonair,2015-04-13,750
Galio,Dragon Guardian,2021-04-15,1350
Galio,Enchanted,2010-08-10,520
Galio,Gatekeeper,2012-04-23,1820
Galio,Hextech,2010-08-10,520
Galio,Infernal,2019-09-05,1350
Galio,Mythmaker,2023-01-12,1350
Galio,Original,2010-08-10,790
Gangplank,Captain,2015-08-09,975
Gangplank,Dreadnova,2017-01-12,1350
Gangplank,FPX,2020-04-30,1350
Gangplank,Gangplank the Betrayer,2022-05-05,1350
Gangplank,Minuteman,2010-07-03,520
Gangplank,Original,2009-08-18,790
Gangplank,Pool Party,2018-08-02,1350
Gangplank,Sailor,2011-01-10,750
Gangplank,Special Forces,2012-09-12,975
Gangplank,Spooky,2010-03-16,520
Gangplank,Sultan,2013-11-13,975
Gangplank,Toy Soldier,2011-12-14,975
Garen,Battle Academia,2021-03-18,1350
Garen,Commando,2010-09-08,520
Garen,Demacia Vice,2019-07-18,1350
Garen,Desert Trooper,2010-04-27,520
Garen,Dreadknight,2011-01-18,975
Garen,God-King,2018-06-27,1820
Garen,Mecha Kingdoms,2020-01-15,1350
Garen,Mythmaker,2023-01-12,1350
Garen,Original,2010-04-27,260
Garen,Rogue Admiral,2015-07-22,750
Garen,Rugged,2011-08-15,750
Garen,Sanguine,2010-04-27,520
Garen,Steel Legion,2013-02-01,1350
Garen,Warring Kingdoms,2017-01-19,1350
Gnar,Astronaut,2020-05-28,1350
Gnar,Dino,2014-08-13,975
Gnar,El Le√≥n,2016-06-01,750
Gnar,Elderwood,2022-01-06,1350
Gnar,Gentleman,2015-07-14,975
Gnar,Original,2014-08-13,880
Gnar,SSG,2018-07-20,1350
Gnar,Snow Day,2015-12-10,975
Gnar,Super Galaxy,2017-10-16,1350
Gragas,Arctic Ops,2018-01-25,1350
Gragas,Fnatic,2014-09-24,750
Gragas,Gragas Caskbreaker,2015-12-07,750
Gragas,"Gragas, Esq.",2011-04-12,975
Gragas,Hillbilly,2010-08-01,520
Gragas,Oktoberfest,2012-09-21,975
Gragas,Original,2010-02-02,790
Gragas,Santa,2010-12-14,975
Gragas,Scuba,2010-05-03,975
Gragas,Space Groove,2022-11-17,1350
Gragas,Superfan,2014-06-18,750
Gragas,Vandal,2012-03-02,975
Gragas,Warden,2021-01-07,1350
Graves,Battle Professor,2019-05-15,1350
Graves,Crime City,2012-04-02,975
Graves,Cutthroat,2015-07-21,750
Graves,EDG,2022-05-12,1350
Graves,Hired Gun,2011-10-19,520
Graves,Jailbreak,2011-10-19,975
Graves,Original,2011-10-19,880
Graves,Pool Party,2013-09-09,1350
Graves,Praetorian,2018-11-08,1350
Graves,Riot,2012-08-16,975
Graves,Sentinel,2021-07-22,1820
Graves,Snow Day,2016-12-14,1350
Gwen,Cafe Cuties,2021-12-02,1350
Gwen,Original,2021-04-15,975
Gwen,Space Groove,2021-04-15,1350
Hecarim,Arcade,2013-08-21,1350
Hecarim,Arcana,2022-04-14,1350
Hecarim,Blood Knight,2012-04-17,975
Hecarim,Cosmic Charger,2020-11-24,1350
Hecarim,Elderwood,2015-11-25,1350
Hecarim,Headless,2012-10-26,975
Hecarim,High Noon,2019-10-10,1350
Hecarim,Original,2012-04-17,880
Hecarim,Reaper,2012-04-17,975
Hecarim,Worldbreaker,2016-11-10,750
Heimerdinger,Alien Invader,2010-07-13,1820
Heimerdinger,Blast Zone,2010-06-24,520
Heimerdinger,Dragon Trainer,2018-10-11,1820
Heimerdinger,Hazmat,2014-07-13,975
Heimerdinger,Heimerstinger,2022-03-03,1350
Heimerdinger,Original,2009-10-09,790
Heimerdinger,Piltover Customs,2010-11-22,975
Heimerdinger,Pool Party,2020-07-02,1350
Heimerdinger,Snowmerdinger,2011-12-14,975
Illaoi,Cosmic Invoker,2020-11-24,1350
Illaoi,Original,2015-11-24,880
Illaoi,Resistance,2018-03-15,1350
Illaoi,Snow Moon,2022-06-23,1350
Illaoi,Void Bringer,2015-11-24,1350
Irelia,Aviator,2010-11-16,520
Irelia,Divine Sword,2018-09-04,1350
Irelia,Frostblade,2012-04-30,975
Irelia,High Noon,2020-06-18,1350
Irelia,Infiltrator,2011-10-11,975
Irelia,Mythmaker,2023-01-12,1820
Irelia,Nightblade,2010-11-16,520
Irelia,Order of the Lotus,2015-06-03,750
Irelia,Original,2010-11-16,880
Irelia,PROJECT,2019-08-01,1350
Irelia,Sentinel,2021-07-08,1350
Irelia,iG,2019-04-23,1350
Ivern,Astronaut,2023-02-24,1350
Ivern,Candy King,2016-10-04,1350
Ivern,Dunkmaster,2019-04-04,1350
Ivern,Old God,2020-12-10,1350
Ivern,Original,2016-10-04,975
Janna,Battle Queen,2020-12-10,1350
Janna,Bewitching,2018-10-24,1350
Janna,Crystal Rose,2022-02-10,1350
Janna,Cyber Halo,2022-08-25,1350
Janna,Fnatic,2014-09-24,750
Janna,Forecast,2013-09-04,1820
Janna,Frost Queen,2011-12-05,975
Janna,Guardian of the Sands,2020-01-22,1350
Janna,Hextech,2010-11-08,975
Janna,Original,2009-09-01,585
Janna,Sacred Sword,2017-09-27,1350
Janna,Star Guardian,2016-10-05,1350
Janna,Tempest,2010-07-13,520
Jarvan IV,Commando,2011-03-01,520
Jarvan IV,Dark Star,2018-03-01,1350
Jarvan IV,Darkforge,2011-07-26,975
Jarvan IV,Dragonslayer,2011-03-01,750
Jarvan IV,Fnatic,2014-09-24,750
Jarvan IV,Lunar Beast,2021-02-04,1350
Jarvan IV,Nightbringer,2023-04-20,1350
Jarvan IV,Original,2011-03-01,880
Jarvan IV,Pool Party,2020-07-02,1350
Jarvan IV,SSG,2018-07-20,1350
Jarvan IV,Warring Kingdoms,2013-02-08,1350
Jarvan IV,Worlds 2021,2021-09-23,1350
Jax,Angler,2010-06-08,975
Jax,Conqueror,2021-04-29,1350
Jax,Empyrean,2022-11-03,1350
Jax,God Staff,2018-01-11,1350
Jax,Jaximus,2011-05-10,975
Jax,Mecha Kingdoms,2020-01-15,1820
Jax,Nemesis,2012-09-14,975
Jax,Original,2009-02-21,585
Jax,SKT T1,2014-05-04,750
Jax,Temple,2011-11-15,750
Jax,The Mighty,2010-02-12,520
Jax,Vandal,2010-02-24,520
Jax,Warden,2015-09-30,750
Jayce,Arcane,2021-11-08,975
Jayce,Battle Academia,2019-05-15,1350
Jayce,Debonair,2013-02-14,975
Jayce,Forsaken,2015-05-03,1350
Jayce,Full Metal,2012-07-06,1350
Jayce,Jayce Brighthammer,2016-11-17,750
Jayce,Original,2012-07-06,880
Jayce,Resistance,2020-11-12,1350
Jayce,Zenith Games,2022-09-09,1350
Jhin,Blood Moon,2017-02-09,1350
Jhin,DWG,2021-04-29,1350
Jhin,Dark Cosmic,2019-06-13,1820
Jhin,Empyrean,2022-11-03,1350
Jhin,High Noon,2016-02-01,1350
Jhin,Original,2016-02-01,880
Jhin,PROJECT,2017-11-22,1350
Jhin,SKT T1,2017-06-27,1350
Jhin,Shan Hai Scrolls,2021-01-28,1350
Jinx,Ambitious Elf,2017-12-12,1350
Jinx,Arcane,2021-11-24,975
Jinx,Battle Cat,2022-03-31,1350
Jinx,Crime City,2013-10-09,975
Jinx,Firecracker,2015-02-10,1350
Jinx,Heartseeker,2020-02-04,1350
Jinx,Odyssey,2018-09-12,1350
Jinx,Original,2013-10-09,880
Jinx,PROJECT,2019-08-01,1350
Jinx,Star Guardian,2016-10-05,1820
Jinx,Zombie Slayer,2015-11-05,1350
K'Sante,Empyrean,2022-11-03,1350
K'Sante,Original,2022-11-03,975
Kai'Sa,Arcade,2019-06-28,1350
Kai'Sa,Bullet Angel,2018-03-07,1350
Kai'Sa,Inkshadow,2023-05-03,1350
Kai'Sa,KDA,2018-11-03,1350
Kai'Sa,KDA ALL OUT,2020-10-29,1350
Kai'Sa,Lagoon Dragon,2021-10-21,1350
Kai'Sa,Original,2018-03-07,975
Kai'Sa,Star Guardian,2022-07-14,1820
Kai'Sa,iG,2019-04-23,1350
Kalista,Blood Moon,2014-11-20,975
Kalista,Championship,2015-09-27,975
Kalista,Faerie Court,2023-03-23,1350
Kalista,Marauder,2021-01-07,1350
Kalista,Original,2014-11-20,880
Kalista,SKT T1,2016-08-17,975
Karma,Conqueror,2017-04-23,975
Karma,Dark Star,2019-06-13,1350
Karma,Faerie Queen,2023-03-23,1820
Karma,Odyssey,2020-10-15,1350
Karma,Order of the Lotus,2014-10-01,975
Karma,Original,2011-02-01,790
Karma,Ruined,2021-01-21,1350
Karma,Sakura,2011-02-01,520
Karma,Sun Goddess,2011-02-01,750
Karma,Traditional,2013-03-29,975
Karma,Tranquility Dragon,2021-10-21,1350
Karma,Warden,2015-09-30,750
Karma,Winter Wonder,2016-12-14,1350
Karthus,Fnatic,2014-09-24,750
Karthus,Grim Reaper,2010-09-26,975
Karthus,Infernal,2020-07-16,1350
Karthus,Karthus Lightsbane,2016-11-17,975
Karthus,Original,2009-06-11,790
Karthus,Pentakill,2011-08-29,750
Karthus,Pentakill Lost Chapter,2021-09-09,1350
Karthus,Phantom,2010-01-13,460
Karthus,Statue of Karthus,2010-07-03,520
Kassadin,Cosmic Reaver,2015-10-14,1350
Kassadin,Count,2019-10-24,1350
Kassadin,Deep One,2010-08-01,520
Kassadin,Festival,2010-02-12,520
Kassadin,Harbinger,2011-07-13,975
Kassadin,Original,2009-08-06,790
Kassadin,Pre-Void,2010-09-26,520
Kassadin,Shockblade,2022-02-17,1350
Katarina,Battle Academia,2019-05-15,1350
Katarina,Battle Queen,2020-12-10,1820
Katarina,Bilgewater,2010-08-29,975
Katarina,Blood Moon,2020-02-20,1350
Katarina,Death Sworn,2017-10-25,1350
Katarina,Faerie Court,2023-03-23,1350
Katarina,High Command,2011-02-22,750
Katarina,High Noon,2022-05-12,1350
Katarina,Kitty Cat,2010-10-19,975
Katarina,Mercenary,2009-11-20,520
Katarina,Original,2009-09-18,790
Katarina,PROJECT,2016-08-01,1350
Katarina,Red Card,2010-06-24,975
Katarina,Sandstorm,2012-01-02,975
Katarina,Slay Belle,2012-12-14,975
Katarina,Warring Kingdoms,2015-02-10,975
Kayle,Aether Wing,2013-01-18,1820
Kayle,Battleborn,2011-04-18,975
Kayle,Dragonslayer,2021-04-15,1350
Kayle,Iron Inquisitor,2016-05-04,750
Kayle,Original,2009-02-21,260
Kayle,Pentakill,2017-08-08,1350
Kayle,Pentakill Lost Chapter,2021-09-09,1350
Kayle,PsyOps,2020-09-17,1350
Kayle,Riot,2014-08-12,975
Kayle,Sun-Eater,2022-04-28,1350
Kayle,Transcended,2010-07-13,975
Kayle,Viridian,2010-06-01,520
Kayn,Nightbringer,2021-09-23,1350
Kayn,Odyssey,2018-09-12,1820
Kayn,Original,2017-07-11,975
Kayn,Snow Moon,2022-06-23,1350
Kayn,Soulhunter,2017-07-11,1350
Kennen,Arctic Ops,2011-12-29,975
Kennen,Astronaut,2023-02-24,1350
Kennen,Blood Moon,2016-02-25,975
Kennen,DWG,2021-04-29,1350
Kennen,Deadly,2010-04-08,520
Kennen,Infernal,2020-07-16,1350
Kennen,Karate,2010-11-08,520
Kennen,Kennen M.D.,2011-03-29,975
Kennen,Original,2010-04-08,880
Kennen,Super,2017-03-29,750
Kennen,Swamp Master,2010-04-08,520
Kha'Zix,Championship,2018-09-27,1350
Kha'Zix,Dark Star,2017-05-03,1350
Kha'Zix,Death Blossom,2016-03-17,975
Kha'Zix,Guardian of the Sands,2014-09-09,975
Kha'Zix,Lunar Guardian,2023-01-26,1350
Kha'Zix,Mecha,2012-09-26,1350
Kha'Zix,Odyssey,2020-10-15,1350
Kha'Zix,Original,2012-09-26,880
Kindred,DRX,2023-06-01,1350
Kindred,Original,2015-10-13,880
Kindred,Porcelain,2022-01-26,1350
Kindred,Shadowfire,2015-10-13,1350
Kindred,Spirit Blossom,2020-08-06,1350
Kindred,Super Galaxy,2016-05-25,1350
Kindred,Woof and Lamb,2023-04-06,1350
Kled,Count Kledula,2018-10-24,1350
Kled,Kibble-Head,2023-04-06,1350
Kled,Marauder,2021-01-07,1350
Kled,Original,2016-08-09,975
Kled,Sir,2016-08-09,975
Kog'Maw,Arcanist,2020-07-09,1350
Kog'Maw,Battlecast,2014-11-25,1350
Kog'Maw,Bee'Maw,2021-03-04,1350
Kog'Maw,Caterpillar,2010-06-24,520
Kog'Maw,Deep Sea,2011-09-19,975
Kog'Maw,Jurassic,2012-03-23,975
Kog'Maw,Lion Dance,2011-02-01,1350
Kog'Maw,Monarch,2010-11-16,520
Kog'Maw,Original,2010-06-24,880
Kog'Maw,Pug'Maw,2017-03-29,975
Kog'Maw,Reindeer,2010-12-14,975
Kog'Maw,Shan Hai Scrolls,2023-06-14,1350
Kog'Maw,Sonoran,2010-06-24,520
Kog'Maw,Zap'Maw,2022-08-11,1350
LeBlanc,Bewitching,2022-10-20,1350
LeBlanc,Championship,2020-09-24,1350
LeBlanc,Coven,2020-04-16,1350
LeBlanc,Debonair,2021-12-09,1350
LeBlanc,Elderwood,2016-03-10,1350
LeBlanc,Mistletoe,2011-12-14,975
LeBlanc,Original,2010-11-02,790
LeBlanc,Prestigious,2010-11-02,520
LeBlanc,Program,2018-11-15,1350
LeBlanc,Ravenborn,2014-10-28,975
LeBlanc,Wicked,2010-11-02,750
LeBlanc,iG,2019-04-23,1350
Lee Sin,Acolyte,2011-04-01,750
Lee Sin,Dragon Fist,2012-01-10,975
Lee Sin,FPX,2020-04-30,1350
Lee Sin,God Fist,2017-04-05,1820
Lee Sin,Knockout,2015-05-31,1350
Lee Sin,Muay Thai,2012-07-24,975
Lee Sin,Nightbringer,2019-12-12,1350
Lee Sin,Original,2011-04-01,880
Lee Sin,Playmaker,2018-06-14,975
Lee Sin,Pool Party,2013-09-09,975
Lee Sin,SKT T1,2014-05-04,750
Lee Sin,Storm Dragon,2020-10-01,1820
Lee Sin,Traditional,2011-04-01,520
Lee Sin,Zenith Games,2022-09-09,1350
Leona,Barbecue,2016-09-07,750
Leona,Battle Academia,2021-03-18,1350
Leona,DWG,2021-04-29,1350
Leona,Debonair,2021-12-09,1350
Leona,Defender,2011-07-13,750
Leona,High Noon,2022-05-12,1820
Leona,Iron Solari,2012-02-10,975
Leona,Lunar Eclipse,2018-11-27,1820
Leona,Mecha Kingdoms,2020-01-15,1350
Leona,Original,2011-07-13,880
Leona,PROJECT,2015-09-07,1350
Leona,Pool Party,2013-09-09,975
Leona,Solar Eclipse,2018-11-27,1820
Leona,Valkyrie,2011-07-13,520
Lillia,Nightbringer,2021-09-23,1350
Lillia,Original,2020-07-22,975
Lillia,Shan Hai Scrolls,2023-06-14,1350
Lillia,Spirit Blossom,2020-07-22,1350
Lissandra,Blade Queen,2014-05-26,1350
Lissandra,Bloodstone,2013-04-29,975
Lissandra,Coven,2018-11-27,1350
Lissandra,Dark Cosmic,2020-11-24,1350
Lissandra,Original,2013-04-29,880
Lissandra,Porcelain,2022-01-26,1350
Lissandra,Program,2016-04-06,1350
Lissandra,Space Groove,2022-11-17,1350
Lucian,Arcana,2021-05-13,1350
Lucian,Demacia Vice,2019-07-18,1350
Lucian,Heartseeker,2017-02-02,1350
Lucian,High Noon,2018-08-30,1820
Lucian,Hired Gun,2013-08-21,975
Lucian,Original,2013-08-21,975
Lucian,PROJECT,2015-09-07,1350
Lucian,Pulsefire,2020-05-14,1350
Lucian,Strike Paladin,2022-08-25,1350
Lucian,Striker,2014-06-18,750
Lulu,Bittersweet,2012-03-20,975
Lulu,Cosmic Enchantress,2018-08-21,1350
Lulu,Dragon Trainer,2012-11-13,1350
Lulu,Monster Tamer,2022-08-11,1350
Lulu,Original,2012-03-20,880
Lulu,Pajama Guardian,2018-11-21,1350
Lulu,Pool Party,2015-06-25,1350
Lulu,Space Groove,2021-04-01,1350
Lulu,Star Guardian,2016-10-05,1350
Lulu,Wicked,2012-03-20,975
Lulu,Winter Wonder,2013-12-19,1350
Lux,Battle Academia,2019-05-15,1350
Lux,Commando,2011-06-17,520
Lux,Cosmic,2020-03-26,1820
Lux,Dark Cosmic,2020-03-26,1820
Lux,Elementalist,2016-11-28,3250
Lux,Empyrean,2022-11-03,1350
Lux,Imperial,2011-11-29,975
Lux,Lunar Empress,2018-02-08,1350
Lux,Original,2010-10-19,790
Lux,Pajama Guardian,2018-11-21,1350
Lux,Porcelain,2022-01-26,1350
Lux,Sorceress,2010-10-19,520
Lux,Soul Fighter,2023-07-20,1350
Lux,Space Groove,2021-04-01,1350
Lux,Spellthief,2010-10-19,750
Lux,Star Guardian,2015-05-17,1350
Lux,Steel Legion,2013-02-01,975
Malphite,Coral Reef,2010-11-08,750
Malphite,Dark Star,2020-03-26,1350
Malphite,FPX,2020-04-30,1350
Malphite,Glacial,2012-07-11,1350
Malphite,Ironside,2015-10-07,975
Malphite,Lunar Guardian,2023-01-26,1350
Malphite,Marble,2011-03-21,520
Malphite,Mecha,2014-07-23,1350
Malphite,Obsidian,2011-08-15,975
Malphite,Odyssey,2018-09-12,1350
Malphite,Old God,2021-08-12,1350
Malphite,Original,2009-09-01,585
Malphite,Shamrock,2010-03-16,520
Malzahar,Battle Boss,2017-08-08,1350
Malzahar,Beezahar,2021-03-04,1350
Malzahar,Debonair,2021-12-09,1350
Malzahar,Djinn,2011-02-01,520
Malzahar,Original,2010-06-01,880
Malzahar,Overlord,2011-09-19,975
Malzahar,Shadow Prince,2010-06-01,520
Malzahar,Snow Day,2014-12-15,975
Malzahar,Vizier,2010-06-01,520
Malzahar,Worldbreaker,2020-04-09,1350
Maokai,Astronaut,2021-07-01,1350
Maokai,Charred,2011-02-16,975
Maokai,DRX,2023-06-01,1350
Maokai,Festive,2011-12-14,975
Maokai,Goalkeeper,2014-06-18,750
Maokai,Haunted,2012-10-26,975
Maokai,Meowkai,2016-03-31,1350
Maokai,Original,2011-02-16,880
Maokai,Totemic,2011-02-16,520
Maokai,Worldbreaker,2020-04-09,1350
Master Yi,Assassin,2009-12-17,390
Master Yi,Blood Moon,2020-02-20,1350
Master Yi,Chosen,2010-06-03,520
Master Yi,Cosmic Blade,2017-04-26,1350
Master Yi,Debonair,2021-12-09,1350
Master Yi,Eternal Sword Yi,2017-09-27,1350
Master Yi,Headhunter,2012-02-08,975
Master Yi,Inkshadow,2023-05-03,1820
Master Yi,Ionia,2010-09-12,975
Master Yi,Original,2009-02-21,260
Master Yi,PROJECT Yi,2015-09-07,1820
Master Yi,PsyOps,2020-09-03,1350
Master Yi,Samurai Yi,2011-03-07,520
Master Yi,Snow Man Yi,2018-12-06,1350
Master Yi,Spirit Blossom,2022-10-06,1350
Milio,Faerie Court,2023-03-23,1350
Milio,Original,2023-03-23,975
Miss Fortune,Arcade,2014-08-12,1350
Miss Fortune,Battle Bunny,2022-03-31,1820
Miss Fortune,Bewitching,2019-10-24,1350
Miss Fortune,Broken Covenant,2023-03-09,1350
Miss Fortune,Candy Cane,2010-12-14,975
Miss Fortune,Captain Fortune,2015-07-30,975
Miss Fortune,Cowgirl,2010-09-08,750
Miss Fortune,Crime City,2011-11-01,975
Miss Fortune,Gun Goddess,2018-03-22,2775
Miss Fortune,Original,2010-09-08,790
Miss Fortune,Pajama Guardian,2018-11-21,1350
Miss Fortune,Pool Party,2016-07-13,1350
Miss Fortune,Road Warrior,2011-05-24,520
Miss Fortune,Ruined,2021-07-22,1350
Miss Fortune,Secret Agent,2010-11-16,975
Miss Fortune,Star Guardian,2017-09-06,1350
Miss Fortune,Waterloo,2010-09-08,520
Mordekaiser,Dark Star,2020-03-26,1350
Mordekaiser,Dragon Knight,2010-02-24,520
Mordekaiser,High Noon,2022-05-12,1350
Mordekaiser,Infernal,2010-02-24,520
Mordekaiser,King of Clubs,2015-05-20,750
Mordekaiser,Lord,2011-05-10,975
Mordekaiser,Original,2010-02-24,585
Mordekaiser,PROJECT,2021-05-27,1820
Mordekaiser,Pentakill,2010-09-21,975
Mordekaiser,Pentakill Lost Chapter,2021-09-09,1350
Morgana,Bewitching,2016-10-19,975
Morgana,Blackthorn,2012-05-23,1350
Morgana,Blade Mistress,2010-12-01,750
Morgana,Coven,2020-04-16,1820
Morgana,Dawnbringer,2021-09-23,1350
Morgana,Exiled,2010-06-01,975
Morgana,Ghost Bride,2013-06-13,975
Morgana,Lunar Wraith,2016-01-27,975
Morgana,Majestic Empress,2019-09-26,1350
Morgana,Original,2009-02-21,585
Morgana,Sinful Succulence,2010-09-02,975
Morgana,Snow Moon,2023-05-18,1350
Morgana,Star Nemesis,2022-07-28,1350
Naafiri,Original,2023-07-20,975
Naafiri,Soul Fighter,2023-07-20,1350
Nami,Bewitching,2021-10-07,1350
Nami,Cosmic Destiny,2020-11-24,1350
Nami,Deep Sea,2016-06-29,1350
Nami,Koi,2012-12-07,975
Nami,Original,2012-12-07,880
Nami,Program,2018-11-15,1350
Nami,River Spirit,2014-06-01,975
Nami,SKT T1,2017-06-27,1350
Nami,Space Groove,2022-11-17,1350
Nami,Splendid Staff,2019-09-26,1350
Nami,Urf the Nami-tee,2015-03-31,750
Nasus,Archduke,2015-03-31,750
Nasus,Armored Titan,2022-08-25,1350
Nasus,Battlecast,2020-11-12,1350
Nasus,Dreadknight,2011-04-26,975
Nasus,Galactic,2010-07-13,520
Nasus,Infernal,2013-11-20,1820
Nasus,Lunar Guardian,2018-02-08,1350
Nasus,Nightbringer,2023-04-20,1350
Nasus,Original,2009-09-30,585
Nasus,Pharaoh,2010-11-02,520
Nasus,Riot K-9,2011-08-16,975
Nasus,Space Groove,2021-04-01,1350
Nasus,Worldbreaker,2016-11-10,750
Nautilus,Abyssal,2012-02-14,975
Nautilus,AstroNautilus,2012-09-04,1350
Nautilus,Conqueror,2020-07-09,975
Nautilus,Fright Night,2022-09-22,1350
Nautilus,Original,2012-02-14,880
Nautilus,Shan Hai Scrolls,2021-01-28,1350
Nautilus,Subterranean,2012-02-14,975
Nautilus,Warden,2015-02-17,750
Nautilus,Worldbreaker,2016-11-10,750
Neeko,Bewitching,2022-10-20,1350
Neeko,Original,2018-12-05,975
Neeko,Shan Hai Scrolls,2021-01-28,1350
Neeko,Star Guardian,2019-09-12,1350
Neeko,Winter Wonder,2018-12-05,1350
Nidalee,Bewitching,2011-10-19,975
Nidalee,Challenger,2016-01-14,975
Nidalee,Cosmic Huntress,2020-11-24,1350
Nidalee,DWG,2021-04-29,1350
Nidalee,Dawnbringer,2019-12-12,1350
Nidalee,French Maid,2010-06-24,520
Nidalee,Headhunter,2013-03-20,975
Nidalee,Kittalee,2023-04-06,1350
Nidalee,Leopard,2010-02-24,520
Nidalee,Ocean Song,2022-06-09,1350
Nidalee,Original,2009-12-17,790
Nidalee,Pharaoh,2011-01-10,520
Nidalee,Snow Bunny,2009-12-17,520
Nidalee,Super Galaxy,2017-10-16,1350
Nidalee,Warring Kingdoms,2015-02-10,975
Nilah,Original,2022-07-13,975
Nilah,Star Guardian,2022-07-13,1350
Nocturne,Broken Covenant,2023-03-09,1350
Nocturne,Cursed Revenant,2016-05-04,750
Nocturne,Eternum,2012-12-05,1820
Nocturne,Frozen Terror,2011-03-15,975
Nocturne,Haunting,2011-10-19,975
Nocturne,Old God,2019-08-29,1350
Nocturne,Original,2011-03-15,880
Nocturne,Ravager,2011-07-13,520
Nocturne,Void,2011-03-15,520
Nunu & Willump,Demolisher,2011-08-24,975
Nunu & Willump,Grungy,2010-08-10,750
Nunu & Willump,Nunu & Beelump,2022-03-03,1350
Nunu & Willump,Nunu Bot,2011-05-05,1820
Nunu & Willump,Original,2009-02-21,260
Nunu & Willump,Papercraft,2019-02-21,1350
Nunu & Willump,Sasquatch,2009-11-20,520
Nunu & Willump,Space Groove,2021-04-01,1350
Nunu & Willump,TPA,2013-05-23,750
Nunu & Willump,Workshop,2009-12-17,520
Nunu & Willump,Zombie,2015-11-05,1350
Olaf,Brolaf,2010-12-01,1820
Olaf,Butcher,2016-09-07,750
Olaf,Dragonslayer,2020-01-30,1350
Olaf,Forsaken,2010-06-08,520
Olaf,Glacial,2010-06-08,520
Olaf,Marauder,2015-09-30,750
Olaf,Original,2010-06-08,790
Olaf,Pentakill,2012-10-01,975
Olaf,Pentakill Lost Chapter,2021-09-09,1350
Olaf,SKT T1,2017-06-27,1350
Olaf,Sentinel,2021-07-08,1350
Orianna,Bladecraft,2012-02-29,975
Orianna,Dark Star,2017-05-03,1350
Orianna,Gothic,2011-06-01,520
Orianna,Heartseeker,2016-02-11,1350
Orianna,Orbeeanna,2022-03-03,1350
Orianna,Original,2011-06-01,880
Orianna,Pool Party,2020-07-02,1350
Orianna,Sewn Chaos,2011-06-01,520
Orianna,TPA,2013-05-23,750
Orianna,Winter Wonder,2014-12-15,975
Ornn,Elderwood,2020-12-10,1350
Ornn,Original,2017-08-22,975
Ornn,Space Groove,2022-11-17,1350
Ornn,Thunder Lord,2017-08-22,1350
Pantheon,Baker,2016-09-07,975
Pantheon,Dragonslayer,2014-05-14,1350
Pantheon,Full Metal,2011-08-01,975
Pantheon,Glaive Warrior,2012-05-30,975
Pantheon,Myrmidon,2010-02-02,520
Pantheon,Original,2010-02-02,790
Pantheon,Perseus,2010-11-02,750
Pantheon,Pulsefire,2020-05-14,1350
Pantheon,Ruined,2021-07-08,1350
Pantheon,Ruthless,2010-08-08,520
Pantheon,Zombie Slayer,2015-11-05,975
Poppy,Astronaut,2020-05-28,1350
Poppy,Battle Regalia,2011-03-15,520
Poppy,Bewitching,2021-10-07,1350
Poppy,Blacksmith,2010-08-24,975
Poppy,Lollipoppy,2010-10-19,975
Poppy,Noxus,2010-02-02,520
Poppy,Original,2010-01-13,260
Poppy,Ragdoll,2010-12-14,975
Poppy,Scarlet Hammer,2012-02-01,975
Poppy,Snow Fawn,2017-12-12,1350
Poppy,Star Guardian,2016-10-05,1350
Pyke,Blood Moon,2019-01-10,1350
Pyke,Empyrean,2022-11-03,1820
Pyke,Original,2018-05-31,975
Pyke,PROJECT,2019-08-01,1820
Pyke,PsyOps,2020-09-17,1350
Pyke,Sand Wraith,2018-05-31,1350
Pyke,Sentinel,2021-07-22,1350
Pyke,Soul Fighter,2023-07-20,1350
Qiyana,Battle Boss,2019-06-28,1350
Qiyana,Battle Queen,2020-12-10,1350
Qiyana,Lunar Empress,2023-01-26,1350
Qiyana,Original,2019-06-28,975
Qiyana,Shockblade,2022-02-17,1350
Qiyana,True Damage,2019-11-10,1350
Quinn,Corsair,2015-07-22,750
Quinn,Heartseeker,2017-02-02,975
Quinn,Original,2013-03-01,880
Quinn,Phoenix,2013-03-01,975
Quinn,Star Guardian,2022-07-28,1350
Quinn,Warden,2021-01-07,1350
Quinn,Woad Scout,2014-06-09,975
Rakan,Arcana,2022-04-14,1350
Rakan,Broken Covenant,2023-03-09,1350
Rakan,Cosmic Dawn,2017-04-18,1350
Rakan,Elderwood,2020-12-10,1350
Rakan,Original,2017-04-18,975
Rakan,SSG,2018-07-20,1350
Rakan,Star Guardian,2019-09-12,1820
Rakan,Sweetheart,2018-02-12,1350
Rakan,iG,2019-04-23,1350
Rammus,Astronaut,2021-07-01,1350
Rammus,Chrome,2010-05-17,750
Rammus,Freljord,2010-11-22,520
Rammus,Full Metal,2012-08-16,975
Rammus,Guardian of the Sands,2015-04-26,975
Rammus,Molten,2010-07-13,975
Rammus,Ninja,2011-05-17,975
Rammus,Original,2009-07-09,585
Rammus,Sweeper,2018-06-14,975
Rek'Sai,Blackfrost,2020-03-05,1350
Rek'Sai,Elderwood,2022-01-06,1350
Rek'Sai,Eternum,2014-12-11,1350
Rek'Sai,Original,2014-12-11,880
Rek'Sai,Pool Party,2015-06-25,1350
Rell,Battle Queen,2020-12-10,1350
Rell,Original,2020-12-10,975
Rell,Star Guardian,2022-07-28,1350
Renata Glasc,Admiral Glasc,2022-02-17,1350
Renata Glasc,Fright Night,2022-09-22,1350
Renata Glasc,Original,2022-02-17,975
Renekton,Blackfrost,2020-03-05,1350
Renekton,Bloodfury,2011-07-26,975
Renekton,Dawnbringer,2023-04-20,1350
Renekton,Galactic,2011-01-18,520
Renekton,Original,2011-01-18,880
Renekton,Outback,2011-01-18,520
Renekton,PROJECT,2021-05-27,1820
Renekton,Pool Party,2013-09-09,975
Renekton,Prehistoric,2015-06-14,750
Renekton,Renektoy,2017-03-29,750
Renekton,Rune Wars,2012-04-30,975
Renekton,SKT T1,2016-08-17,975
Renekton,Scorched Earth,2014-02-10,975
Rengar,Guardian of the Sands,2020-01-22,1350
Rengar,Headhunter,2012-08-21,975
Rengar,Mecha,2017-11-09,1350
Rengar,Night Hunter,2014-05-19,975
Rengar,Original,2012-08-21,880
Rengar,Pretty Kitty,2019-03-27,1350
Rengar,SSW,2015-05-13,750
Rengar,Sentinel,2021-07-22,1350
Riven,Arcade,2015-08-19,1350
Riven,Battle Bunny,2012-04-06,975
Riven,Battle Bunny Prime,2022-03-31,1350
Riven,Broken Covenant,2023-03-09,1820
Riven,Championship,2012-10-13,975
Riven,Championship 2016,2016-09-25,975
Riven,Crimson Elite,2011-09-14,520
Riven,Dawnbringer,2017-06-14,1820
Riven,Dragonblade,2014-01-28,1350
Riven,Original,2011-09-14,880
Riven,Pulsefire,2018-05-17,1350
Riven,Redeemed,2011-09-14,975
Riven,Sentinel,2021-07-08,1350
Riven,Spirit Blossom,2020-08-06,1350
Riven,Valiant Sword,2019-09-26,1350
Rumble,Badlands Baron,2018-04-11,1350
Rumble,Bilgerat,2011-04-26,520
Rumble,Original,2011-04-26,880
Rumble,Rumble in the Jungle,2011-04-26,975
Rumble,Space Groove,2021-04-01,1350
Rumble,Super Galaxy,2014-04-02,1820
Ryze,Arcana,2022-04-14,1350
Ryze,Championship,2019-09-26,1350
Ryze,Dark Crystal,2012-02-20,975
Ryze,Guardian of the Sands,2020-01-22,1350
Ryze,Original,2009-02-21,260
Ryze,Pirate,2012-10-26,975
Ryze,Professor,2010-10-05,975
Ryze,Ryze Whitebeard,2015-12-07,750
Ryze,SKT T1,2016-08-17,975
Ryze,Tribal,2010-03-04,520
Ryze,Uncle,2010-07-03,520
Ryze,Zombie,2010-10-19,975
Samira,High Noon,2022-05-26,1350
Samira,Original,2020-09-21,975
Samira,PsyOps,2020-09-21,1350
Samira,Soul Fighter,2023-07-20,3250
Samira,Space Groove,2021-04-01,1350
Sejuani,Bear Cavalry,2013-07-31,1350
Sejuani,Beast Hunter,2016-02-04,750
Sejuani,Darkrider,2012-01-17,975
Sejuani,Firecracker,2019-01-28,1350
Sejuani,Original,2012-01-17,880
Sejuani,PROJECT,2021-05-27,1350
Sejuani,Poro Rider,2014-12-15,975
Sejuani,Sabretusk,2012-01-17,975
Sejuani,Sejuani Dawnchaser,2016-11-17,750
Sejuani,Solar Eclipse,2022-04-28,1350
Sejuani,Traditional,2013-04-30,975
Senna,Bewitching,2022-10-20,1350
Senna,High Noon,2020-06-18,1820
Senna,Lunar Eclipse,2022-04-28,1350
Senna,Original,2019-11-10,975
Senna,PROJECT,2021-05-27,1350
Senna,True Damage,2019-11-10,1350
Seraphine,Faerie Court,2023-03-23,1350
Seraphine,Graceful Phoenix,2021-09-02,1350
Seraphine,KDA ALL OUT Indie,2020-10-29,3250
Seraphine,Ocean Song,2022-06-09,1350
Seraphine,Original,2020-10-29,975
Sett,Firecracker,2022-01-26,1350
Sett,Mecha Kingdoms,2020-01-14,1350
Sett,Obsidian Dragon,2020-10-01,1350
Sett,Original,2020-01-14,975
Sett,Pool Party,2021-06-09,1350
Sett,Soul Fighter,2023-07-20,1350
Sett,Spirit Blossom,2022-10-06,1820
Shaco,Arcanist,2020-07-09,1350
Shaco,Asylum,2011-11-07,975
Shaco,Crime City Nightmare,2021-08-26,1350
Shaco,Dark Star,2019-06-13,1350
Shaco,Mad Hatter,2010-06-08,520
Shaco,Masked,2013-01-08,975
Shaco,Nutcracko,2010-12-14,975
Shaco,Original,2009-10-09,790
Shaco,Royal,2010-09-12,520
Shaco,Wild Card,2015-05-20,750
Shaco,Winterblessed,2022-12-08,1350
Shaco,Workshop,2011-03-29,975
Shen,Blood Moon,2011-06-07,750
Shen,Frozen,2010-03-24,520
Shen,Infernal,2019-09-05,1350
Shen,Original,2010-03-24,790
Shen,PsyOps,2020-09-03,1350
Shen,Pulsefire,2018-05-17,1350
Shen,Shockblade,2022-02-17,1350
Shen,Surgeon,2011-01-04,975
Shen,TPA,2013-05-23,750
Shen,Warlord,2012-04-17,975
Shen,Yellow Jacket,2010-03-24,520
Shyvana,Boneclaw,2011-11-01,520
Shyvana,Championship,2014-10-13,975
Shyvana,Darkflame,2012-05-28,975
Shyvana,Ice Drake,2013-04-29,975
Shyvana,Ironscale,2011-11-01,750
Shyvana,Original,2011-11-01,790
Shyvana,Ruined,2021-01-21,1350
Shyvana,Super Galaxy,2016-05-25,1350
Singed,Astronaut,2023-02-24,1350
Singed,Augmented,2012-07-09,975
Singed,Beekeeper,2017-10-11,1350
Singed,Black Scourge,2016-05-04,750
Singed,Hextech,2010-08-15,520
Singed,Mad Scientist,2011-09-26,750
Singed,Original,2009-04-17,260
Singed,Resistance,2020-11-12,1350
Singed,Riot Squad,2010-06-25,975
Singed,SSW,2015-05-13,750
Singed,Snow Day,2013-12-19,975
Singed,Surfer,2010-12-06,975
Sion,Barbarian,2010-09-26,750
Sion,Blackfrost,2021-04-15,1350
Sion,Hextech,2010-06-01,520
Sion,High Noon,2022-05-26,1350
Sion,Lumberjack,2011-01-24,520
Sion,Mecha Zero,2016-04-13,1820
Sion,Original,2009-02-21,585
Sion,Warmonger,2011-07-18,975
Sion,Worldbreaker,2020-04-09,1350
Sivir,Bandit,2011-03-21,750
Sivir,Blood Moon,2019-01-10,1350
Sivir,Cafe Cuties,2021-12-02,1350
Sivir,Mythmaker,2023-01-12,1350
Sivir,Odyssey,2020-10-15,1350
Sivir,Original,2009-02-21,260
Sivir,Pizza Delivery,2018-03-29,1350
Sivir,Snowstorm,2013-12-19,975
Sivir,Solar Eclipse,2022-04-28,1820
Sivir,Spectacular,2010-06-08,975
Sivir,Warden,2015-02-17,750
Sivir,Warrior Princess,2010-04-27,520
Skarner,Battlecast Alpha,2014-11-25,1820
Skarner,Cosmic Sting,2020-11-24,1350
Skarner,Earthrune,2011-08-09,520
Skarner,Guardian of the Sands,2015-04-26,975
Skarner,Original,2011-08-09,880
Skarner,Sandscourge,2011-08-09,975
Sona,Arcade,2012-08-31,1350
Sona,DJ,2015-02-25,3250
Sona,Guqin,2012-01-10,975
Sona,Muse,2010-09-21,975
Sona,Odyssey,2018-09-12,1350
Sona,Original,2010-09-21,790
Sona,Pentakill,2010-09-21,975
Sona,Pentakill Lost Chapter,2021-09-09,1350
Sona,PsyOps,2020-09-03,1820
Sona,Silent Night,2010-12-14,520
Sona,Star Guardian,2022-07-14,1350
Sona,Sweetheart,2016-02-11,975
Soraka,Cafe Cuties,2021-12-02,1350
Soraka,Celestine,2013-03-05,975
Soraka,Dawnbringer,2019-12-12,1820
Soraka,Divine,2010-11-02,975
Soraka,Dryad,2010-06-03,520
Soraka,Nightbringer,2019-12-12,1820
Soraka,Order of the Banana,2015-03-31,750
Soraka,Original,2009-02-21,260
Soraka,Pajama Guardian,2018-11-21,1350
Soraka,Program,2016-04-06,1350
Soraka,Reaper,2014-11-05,1350
Soraka,Spirit Blossom,2022-10-06,1350
Soraka,Star Guardian,2017-09-06,1350
Soraka,Winter Wonder,2018-12-06,1350
Swain,Bilgewater,2010-10-05,520
Swain,Crystal Rose,2021-02-11,1350
Swain,Dragon Master,2018-02-22,1350
Swain,Northern Front,2010-10-05,750
Swain,Original,2010-10-05,880
Swain,Tyrant,2012-05-22,1350
Swain,Winterblessed,2022-12-08,1350
Sylas,Battle Wolf,2022-03-31,1350
Sylas,Freljord,2020-01-10,1350
Sylas,Lunar Wraith,2019-01-25,1350
Sylas,Original,2019-01-25,975
Sylas,PROJECT,2021-05-27,1350
Syndra,Atlantean,2014-04-29,975
Syndra,Bewitching,2021-10-07,1350
Syndra,Justicar,2012-09-12,975
Syndra,Original,2012-09-12,880
Syndra,Pool Party,2020-07-02,1350
Syndra,Queen of Diamonds,2015-05-20,750
Syndra,SKT T1,2017-06-27,1350
Syndra,Snow Day,2015-12-10,1350
Syndra,Spirit Blossom,2022-10-06,1350
Syndra,Star Guardian,2017-09-06,1350
Syndra,Withered Rose,2021-02-11,1350
Tahm Kench,Arcana,2021-05-13,1350
Tahm Kench,Coin Emperor,2019-01-28,1350
Tahm Kench,High Noon,2022-05-26,1350
Tahm Kench,Master Chef,2015-07-08,975
Tahm Kench,Original,2015-07-08,880
Tahm Kench,Shan Hai Scrolls,2023-06-14,1350
Tahm Kench,Urf Kench,2016-03-31,750
Taliyah,Freljord,2016-05-17,1350
Taliyah,Original,2016-05-17,975
Taliyah,Pool Party,2020-07-02,1350
Taliyah,SSG,2018-07-20,1350
Taliyah,Star Guardian,2022-07-28,1350
Talon,Blood Moon,2017-02-09,1350
Talon,Crimson Elite,2011-08-24,750
Talon,Dragonblade,2012-01-10,975
Talon,Enduring Sword,2018-09-04,1350
Talon,High Noon,2022-05-12,1350
Talon,Original,2011-08-24,880
Talon,Renegade,2011-08-24,520
Talon,SSW,2015-05-13,750
Talon,Talon Blackwood,2020-03-19,1350
Talon,Withered Rose,2021-02-11,1350
Taric,Armor of the Fifth Age,2010-04-08,750
Taric,Bloodstone,2011-08-09,975
Taric,Emerald,2009-11-20,520
Taric,Original,2009-08-18,585
Taric,Pool Party,2016-07-13,1350
Taric,Space Groove,2022-11-17,1350
Taric,Taric Luminshield,2020-03-19,1350
Teemo,Astronaut,2010-10-27,1350
Teemo,Badger,2010-01-13,520
Teemo,Beemo,2018-05-01,1350
Teemo,Cottontail,2011-04-18,975
Teemo,Firecracker,2022-01-26,1350
Teemo,Happy Elf,2009-12-17,520
Teemo,Little Devil,2016-10-19,1350
Teemo,Omega Squad,2015-04-08,1820
Teemo,Original,2009-02-21,585
Teemo,Panda,2012-07-09,975
Teemo,Recon,2009-12-17,520
Teemo,Space Groove,2022-11-17,1820
Teemo,Spirit Blossom,2020-07-22,1350
Teemo,Super,2011-10-10,975
Thresh,Blood Moon,2015-01-08,975
Thresh,Championship,2013-10-03,975
Thresh,Dark Star,2016-06-15,1820
Thresh,Deep Terror,2013-01-23,975
Thresh,FPX,2020-04-30,1350
Thresh,High Noon,2018-08-30,1350
Thresh,Lunar Emperor,2023-01-26,1350
Thresh,Original,2013-01-23,880
Thresh,Pulsefire,2019-11-21,1350
Thresh,SSW,2015-05-13,750
Thresh,Spirit Blossom,2020-07-22,1820
Thresh,Steel Dragon,2021-10-21,1350
Thresh,Unbound,2021-07-29,750
Tristana,Bewitching,2016-10-19,1350
Tristana,Buccaneer,2011-06-27,520
Tristana,Dragon Trainer,2015-12-03,1820
Tristana,Earnest Elf,2009-12-31,520
Tristana,Firecracker,2022-01-26,1350
Tristana,Firefighter,2010-06-03,1820
Tristana,Guerilla,2010-08-10,975
Tristana,Little Demon,2019-05-30,1350
Tristana,Omega Squad,2017-07-26,1350
Tristana,Original,2009-02-21,585
Tristana,Pengu Cosplay,2020-04-01,1350
Tristana,Rocket Girl,2012-10-19,975
Tristana,Spirit Blossom,2022-10-06,1350
Trundle,Constable,2014-11-28,750
Trundle,Dragonslayer,2020-01-30,1350
Trundle,Fright Night,2022-09-22,1350
Trundle,Junkyard,2010-12-01,750
Trundle,Lil' Slugger,2010-12-01,520
Trundle,Original,2010-12-01,880
Trundle,Traditional,2013-04-30,975
Trundle,Worldbreaker,2016-11-10,750
Tryndamere,Beast Hunter,2016-02-04,750
Tryndamere,Blood Moon,2020-02-20,1350
Tryndamere,Chemtech,2017-06-05,975
Tryndamere,Demonblade,2011-08-01,1820
Tryndamere,Highland,2010-03-16,520
Tryndamere,King,2010-09-21,520
Tryndamere,Nightbringer,2021-09-23,1350
Tryndamere,Nightmare,2015-06-07,750
Tryndamere,Original,2009-04-30,585
Tryndamere,Sultan,2012-09-26,975
Tryndamere,Viking,2011-06-24,750
Tryndamere,Warring Kingdoms,2014-01-28,975
Twisted Fate,Blood Moon,2017-02-09,1350
Twisted Fate,Crime City Nightmare,2021-08-26,1350
Twisted Fate,Cutpurse,2015-07-21,750
Twisted Fate,DWG,2021-04-29,1350
Twisted Fate,High Noon,2011-05-17,975
Twisted Fate,Jack of Hearts,2010-02-10,520
Twisted Fate,Musketeer,2011-11-21,750
Twisted Fate,Odyssey,2020-10-15,1350
Twisted Fate,Original,2009-02-21,585
Twisted Fate,Pulsefire,2018-05-17,1350
Twisted Fate,Red Card,2014-06-18,750
Twisted Fate,Space Groove,2022-11-17,1350
Twisted Fate,Tango,2010-10-05,520
Twisted Fate,The Magnificent,2010-05-17,1820
Twisted Fate,Underworld,2012-10-26,975
Twitch,Crime City,2010-10-13,975
Twitch,Dragonslayer,2021-04-15,1350
Twitch,High Noon,2022-05-26,1350
Twitch,Ice King,2018-12-06,1350
Twitch,Kingpin,2009-11-20,520
Twitch,Omega Squad,2017-07-26,1350
Twitch,Original,2009-04-30,790
Twitch,Pickpocket,2014-11-28,750
Twitch,SSW,2015-05-13,750
Twitch,Twitch Shadowfoot,2020-03-19,1350
Twitch,Vandal,2011-02-22,975
Twitch,Whistler Village,2010-02-12,520
Udyr,Black Belt,2010-07-18,520
Udyr,Definitely Not,2015-03-31,975
Udyr,Dragon Oracle,2019-08-15,1350
Udyr,Inkshadow,2023-05-03,1350
Udyr,Original,2009-12-02,585
Udyr,Primal,2010-12-06,975
Udyr,Spirit Guard,2013-07-16,3250
Urgot,Battlecast,2012-03-05,1350
Urgot,Butcher,2010-08-24,520
Urgot,Fright Night,2022-09-22,1350
Urgot,Giant Enemy Crabgot,2010-08-24,520
Urgot,High Noon,2018-08-30,1350
Urgot,Original,2010-08-24,790
Urgot,Pajama Guardian Cosplay,2020-04-01,1350
Varus,Arclight,2012-12-05,975
Varus,Arctic Ops,2014-03-20,1350
Varus,Blight Crystal,2012-05-08,975
Varus,Conqueror,2018-04-25,975
Varus,Cosmic Hunter,2020-11-24,1350
Varus,Dark Star,2016-06-15,1350
Varus,Heartseeker,2015-02-13,1350
Varus,High Noon,2022-05-12,1350
Varus,Infernal,2019-09-05,1350
Varus,Original,2012-05-08,880
Varus,PROJECT,2021-05-27,1350
Varus,Snow Moon,2023-05-18,1350
Varus,Varus Swiftbolt,2015-12-07,750
Vayne,Arclight,2015-04-20,975
Vayne,Aristocrat,2011-05-10,520
Vayne,Battle Bat,2022-03-31,1350
Vayne,Dawnbringer,2023-04-20,1350
Vayne,Dragonslayer,2011-08-24,975
Vayne,FPX,2020-04-30,1350
Vayne,Firecracker,2019-01-28,1350
Vayne,Heartseeker,2012-02-14,975
Vayne,Original,2011-05-10,880
Vayne,PROJECT,2017-11-22,1820
Vayne,SKT T1,2014-05-04,750
Vayne,Sentinel,2021-07-08,1820
Vayne,Spirit Blossom,2020-07-22,1350
Vayne,Vindicator,2011-05-10,520
Veigar,Astronaut,2021-07-01,1350
Veigar,Bad Santa,2012-12-14,975
Veigar,Baron Von,2011-06-27,975
Veigar,Curling,2010-02-12,520
Veigar,Elderwood,2019-08-29,1350
Veigar,Final Boss,2014-08-27,1820
Veigar,Furyhorn Cosplay,2020-04-01,1350
Veigar,Leprechaun,2011-03-15,520
Veigar,Monster Tamer,2022-08-11,1350
Veigar,Omega Squad,2017-07-26,1350
Veigar,Original,2009-07-23,585
Veigar,Superb Villain,2012-01-02,975
Veigar,Veigar Greybeard,2010-09-08,750
Veigar,White Mage,2009-12-17,390
Vel'Koz,Arclight,2015-01-28,1350
Vel'Koz,Battlecast,2014-02-27,1350
Vel'Koz,Blackfrost,2021-04-15,1350
Vel'Koz,Definitely Not,2016-03-31,750
Vel'Koz,Infernal,2020-07-16,1350
Vel'Koz,Original,2014-02-27,880
Vex,Dawnbringer,2021-09-23,1350
Vex,Empyrean,2022-11-03,1350
Vex,Original,2021-09-23,975
Vi,Arcane,2021-11-15,975
Vi,Debonair,2014-08-05,750
Vi,Demon,2015-10-19,1350
Vi,Heartache,2023-02-10,1350
Vi,Heartbreaker,2019-02-11,1350
Vi,Neon Strike,2012-12-19,975
Vi,Officer,2013-10-29,975
Vi,Original,2012-12-19,880
Vi,PROJECT,2017-11-22,1350
Vi,PsyOps,2020-09-03,1350
Vi,Warring Kingdoms,2017-01-19,1350
Viego,Dissonance of Pentakill,2021-09-09,1350
Viego,EDG,2022-05-12,1350
Viego,King,2022-09-09,1350
Viego,Lunar Beast,2021-01-21,1350
Viego,Original,2021-01-21,975
Viktor,Creator,2013-09-30,1350
Viktor,Death Sworn,2017-10-25,1350
Viktor,Full Machine,2011-12-29,975
Viktor,High Noon,2022-05-26,1350
Viktor,Original,2011-12-29,880
Viktor,Prototype,2011-12-29,520
Viktor,PsyOps,2020-09-17,1350
Vladimir,Academy,2015-08-26,750
Vladimir,Blood Lord,2011-11-21,1820
Vladimir,Broken Covenant,2023-03-09,1350
Vladimir,Cafe Cuties,2021-12-02,1350
Vladimir,Cosmic Devourer,2020-11-24,1350
Vladimir,Count,2010-07-27,520
Vladimir,Dark Waters,2018-05-31,1350
Vladimir,Marquis,2010-07-27,520
Vladimir,Nightbringer,2019-12-12,1350
Vladimir,Nosferatu,2010-10-19,975
Vladimir,Original,2010-07-27,790
Vladimir,Soulstealer,2014-07-09,1350
Vladimir,Vandal,2011-01-24,975
Volibear,Captain,2014-11-28,750
Volibear,Duality Dragon,2021-10-21,1350
Volibear,El Rayo,2016-06-01,750
Volibear,Inkshadow,2023-05-03,1350
Volibear,Northern Storm,2011-11-29,750
Volibear,Original,2011-11-29,880
Volibear,Runeguard,2013-04-29,975
Volibear,The Thousand-Pierced Bear,2020-05-28,975
Volibear,Thunder Lord,2011-11-29,520
Warwick,Big Bad,2010-04-27,520
Warwick,Feral,2010-11-16,975
Warwick,Firefang,2011-03-29,975
Warwick,Hyena,2011-12-05,975
Warwick,Lunar Guardian,2018-02-08,1350
Warwick,Marauder,2015-02-17,750
Warwick,Old God,2021-08-12,1350
Warwick,Original,2009-02-21,260
Warwick,PROJECT,2019-08-01,1350
Warwick,Tundra Hunter,2010-08-15,520
Warwick,Urf the Manatee,2010-03-31,5000
Warwick,Urfwick,2017-11-08,150000
Warwick,Winterblessed,2022-12-08,1350
Wukong,Battle Academia,2021-03-18,1350
Wukong,General,2011-07-26,750
Wukong,Jade Dragon,2012-01-10,975
Wukong,Lancer Stratus,2018-04-04,1350
Wukong,Original,2011-07-26,880
Wukong,Radiant,2016-01-27,1350
Wukong,Underworld,2014-10-28,1350
Wukong,Volcanic,2011-07-26,975
Xayah,Arcana,2022-04-14,1350
Xayah,Brave Phoenix,2021-09-02,1350
Xayah,Broken Covenant,2023-03-09,1350
Xayah,Cosmic Dusk,2017-04-18,1350
Xayah,Elderwood,2020-12-10,1350
Xayah,Original,2017-04-18,975
Xayah,SSG,2018-07-20,1350
Xayah,Star Guardian,2019-09-12,1820
Xayah,Sweetheart,2018-02-12,1350
Xerath,Arcana,2021-05-13,1350
Xerath,Astronaut,2023-02-24,1350
Xerath,Battlecast,2011-10-05,520
Xerath,Dark Star,2020-03-26,1350
Xerath,Guardian of the Sands,2015-04-26,1350
Xerath,Original,2011-10-05,880
Xerath,Runeborn,2011-10-05,750
Xerath,Scorched Earth,2012-07-13,1350
Xin Zhao,Commando,2010-07-13,520
Xin Zhao,Cosmic Defender,2018-08-21,1350
Xin Zhao,Dragonslayer,2017-03-09,1350
Xin Zhao,Firecracker,2022-01-26,1350
Xin Zhao,Imperial,2010-07-13,520
Xin Zhao,Marauder,2021-01-07,1350
Xin Zhao,Original,2010-07-13,585
Xin Zhao,Secret Agent,2015-03-16,975
Xin Zhao,Viscero,2010-11-22,975
Xin Zhao,Warring Kingdoms,2013-02-08,1350
Xin Zhao,Winged Hussar,2011-09-26,975
Yasuo,Battle Boss,2019-06-28,1350
Yasuo,Blood Moon,2016-02-25,975
Yasuo,Dream Dragon,2021-10-21,1820
Yasuo,High Noon,2013-12-13,975
Yasuo,Inkshadow,2023-05-03,1350
Yasuo,Nightbringer,2017-06-14,1820
Yasuo,Odyssey,2018-09-12,1350
Yasuo,Original,2013-12-13,880
Yasuo,PROJECT,2014-08-31,1350
Yasuo,Sea Dog,2022-05-05,1350
Yasuo,Spirit Blossom,2020-07-22,1350
Yasuo,True Damage,2019-11-10,1350
Yasuo,Truth Dragon,2021-10-21,1820
Yone,Battle Academia,2021-03-18,1350
Yone,Dawnbringer,2021-09-23,1820
Yone,Inkshadow,2023-05-03,1350
Yone,Ocean Song,2022-06-09,1350
Yone,Original,2020-08-06,975
Yone,Spirit Blossom,2020-08-06,1350
Yorick,Arclight,2017-10-02,1350
Yorick,Meowrick,2019-03-27,1350
Yorick,Original,2011-06-22,880
Yorick,Pentakill,2011-06-21,975
Yorick,Pentakill Lost Chapter,2021-09-09,1350
Yorick,Resistance,2020-11-12,1350
Yorick,Spirit Blossom,2022-10-06,1350
Yorick,Undertaker,2011-06-21,520
Yuumi,Battle Principal,2019-05-14,1350
Yuumi,Bewitching,2021-10-07,1350
Yuumi,EDG,2022-05-12,1350
Yuumi,Heartseeker,2020-02-04,1350
Yuumi,Original,2019-05-14,975
Yuumi,Shiba,2023-04-06,1350
Yuumi,Yuubee,2021-03-04,1350
Zac,Battlecast,2020-11-12,1350
Zac,Empyrean,2022-11-03,1350
Zac,Original,2013-03-29,880
Zac,Pool Party,2015-06-25,1350
Zac,SKT T1,2017-06-27,1350
Zac,Special Weapon,2013-03-29,975
Zed,Championship,2016-09-25,975
Zed,Death Sworn,2017-10-25,1350
Zed,Debonair,2021-12-09,1820
Zed,Empyrean,2022-11-03,1350
Zed,Galaxy Slayer,2019-04-18,1820
Zed,Original,2012-11-13,880
Zed,PROJECT,2015-09-07,1350
Zed,PsyOps,2020-09-17,1350
Zed,SKT T1,2014-05-04,750
Zed,Shockblade,2012-11-13,975
Zeri,Ocean Song,2022-06-09,1350
Zeri,Original,2022-01-20,975
Zeri,Withered Rose,2022-01-20,1350
Ziggs,BZZZiggs,2022-03-03,1350
Ziggs,Battle Boss,2017-08-08,1350
Ziggs,Mad Scientist,2012-02-01,975
Ziggs,Major,2012-02-01,975
Ziggs,Master Arcanist,2015-05-06,1350
Ziggs,Odyssey,2018-09-12,1350
Ziggs,Original,2012-02-01,880
Ziggs,Pool Party,2012-09-04,1350
Ziggs,Snow Day,2012-12-14,975
Ziggs,Sugar Rush,2019-12-17,1350
Zilean,Blood Moon,2015-05-10,975
Zilean,Groovy,2010-07-27,520
Zilean,Old Saint,2009-12-23,520
Zilean,Original,2009-04-17,585
Zilean,Shurima Desert,2010-09-08,975
Zilean,Sugar Rush,2019-12-17,1350
Zilean,Time Machine,2011-04-12,520
Zilean,Winterblessed,2022-12-08,1350
Zoe,Arcanist,2020-07-09,1350
Zoe,Cyber Pop,2017-11-21,1350
Zoe,EDG,2022-05-12,1350
Zoe,Original,2017-11-21,975
Zoe,Pool Party,2018-08-02,1350
Zoe,Star Guardian,2019-09-12,1350
Zoe,Winterblessed,2022-12-08,1350
Zyra,Coven,2020-04-16,1350
Zyra,Crime City Nightmare,2021-08-26,1350
Zyra,Crystal Rose,2021-02-11,1350
Zyra,Dragon Sorceress,2017-03-09,1350
Zyra,Haunted,2013-10-29,1350
Zyra,Mythmaker,2023-01-12,1350
Zyra,Original,2012-07-24,880
Zyra,SKT T1,2014-05-04,750
Zyra,Wildfire,2012-07-24,975
